ID;Nombre;Proceso;Objeto;Region;Departamento;Municipio;Tipologia;Sector
100;XXXX;XXXX;XXXX;XXXX;XXX;XXXX;XXXX;XXXX
101;XXXX;XXXX;XXXX;XXXX;XXX;XXXX;XXXX;XXXX
102;XXXX;XXXX;XXXX;XXXX;XXX;XXXX;XXXX;XXXX
103;XXXX;XXXX;XXXX;XXXX;XXX;XXXX;XXXX;XXXX
104;XXXX;XXXX;XXXX;XXXX;XXX;XXXX;XXXX;XXXX
105;XXXX;XXXX;XXXX;XXXX;XXX;XXXX;XXXX;XXXX
106;XXXX;XXXX;XXXX;XXXX;XXX;XXXX;XXXX;XXXX
107;XXXX;XXXX;XXXX;XXXX;XXX;XXXX;XXXX;XXXX
108;XXXX;XXXX;XXXX;XXXX;XXX;XXXX;XXXX;XXXX
109;XXXX;XXXX;XXXX;XXXX;XXX;XXXX;XXXX;XXXX
110;XXXX;XXXX;XXXX;XXXX;XXX;XXXX;XXXX;XXXX
111;XXXX;XXXX;XXXX;XXXX;XXX;XXXX;XXXX;XXXX
112;XXXX;XXXX;XXXX;XXXX;XXX;XXXX;XXXX;XXXX
113;XXXX;XXXX;XXXX;XXXX;XXX;XXXX;XXXX;XXXX
114;XXXX;XXXX;XXXX;XXXX;XXX;XXXX;XXXX;XXXX
115;XXXX;XXXX;XXXX;XXXX;XXX;XXXX;XXXX;XXXX
116;XXXX;XXXX;XXXX;XXXX;XXX;XXXX;XXXX;XXXX
117;XXXX;XXXX;XXXX;XXXX;XXX;XXXX;XXXX;XXXX
118;XXXX;XXXX;XXXX;XXXX;XXX;XXXX;XXXX;XXXX
119;XXXX;XXXX;XXXX;XXXX;XXX;XXXX;XXXX;XXXX
120;XXXX;XXXX;XXXX;XXXX;XXX;XXXX;XXXX;XXXX
121;XXXX;XXXX;XXXX;XXXX;XXX;XXXX;XXXX;XXXX
122;XXXX;XXXX;XXXX;XXXX;XXX;XXXX;XXXX;XXXX
123;XXXX;XXXX;XXXX;XXXX;XXX;XXXX;XXXX;XXXX
124;XXXX;XXXX;XXXX;XXXX;XXX;XXXX;XXXX;XXXX
125;XXXX;XXXX;XXXX;XXXX;XXX;XXXX;XXXX;XXXX
126;XXXX;XXXX;XXXX;XXXX;XXX;XXXX;XXXX;XXXX
127;XXXX;XXXX;XXXX;XXXX;XXX;XXXX;XXXX;XXXX
128;XXXX;XXXX;XXXX;XXXX;XXX;XXXX;XXXX;XXXX
129;XXXX;XXXX;XXXX;XXXX;XXX;XXXX;XXXX;XXXX
130;XXXX;XXXX;XXXX;XXXX;XXX;XXXX;XXXX;XXXX
131;XXXX;XXXX;XXXX;XXXX;XXX;XXXX;XXXX;XXXX
132;XXXX;XXXX;XXXX;XXXX;XXX;XXXX;XXXX;XXXX
133;XXXX;XXXX;XXXX;XXXX;XXX;XXXX;XXXX;XXXX
134;XXXX;XXXX;XXXX;XXXX;XXX;XXXX;XXXX;XXXX
135;XXXX;XXXX;XXXX;XXXX;XXX;XXXX;XXXX;XXXX
136;XXXX;XXXX;XXXX;XXXX;XXX;XXXX;XXXX;XXXX
137;XXXX;XXXX;XXXX;XXXX;XXX;XXXX;XXXX;XXXX
138;XXXX;XXXX;XXXX;XXXX;XXX;XXXX;XXXX;XXXX
139;XXXX;XXXX;XXXX;XXXX;XXX;XXXX;XXXX;XXXX
140;XXXX;XXXX;XXXX;XXXX;XXX;XXXX;XXXX;XXXX
141;XXXX;XXXX;XXXX;XXXX;XXX;XXXX;XXXX;XXXX
142;XXXX;XXXX;XXXX;XXXX;XXX;XXXX;XXXX;XXXX
143;XXXX;XXXX;XXXX;XXXX;XXX;XXXX;XXXX;XXXX
144;XXXX;XXXX;XXXX;XXXX;XXX;XXXX;XXXX;XXXX
145;XXXX;XXXX;XXXX;XXXX;XXX;XXXX;XXXX;XXXX
146;XXXX;XXXX;XXXX;XXXX;XXX;XXXX;XXXX;XXXX
147;XXXX;XXXX;XXXX;XXXX;XXX;XXXX;XXXX;XXXX
148;XXXX;XXXX;XXXX;XXXX;XXX;XXXX;XXXX;XXXX
149;XXXX;XXXX;XXXX;XXXX;XXX;XXXX;XXXX;XXXX
150;XXXX;XXXX;XXXX;XXXX;XXX;XXXX;XXXX;XXXX
151;XXXX;XXXX;XXXX;XXXX;XXX;XXXX;XXXX;XXXX
152;XXXX;XXXX;XXXX;XXXX;XXX;XXXX;XXXX;XXXX
153;XXXX;XXXX;XXXX;XXXX;XXX;XXXX;XXXX;XXXX
154;XXXX;XXXX;XXXX;XXXX;XXX;XXXX;XXXX;XXXX
155;XXXX;XXXX;XXXX;XXXX;XXX;XXXX;XXXX;XXXX
156;XXXX;XXXX;XXXX;XXXX;XXX;XXXX;XXXX;XXXX
157;XXXX;XXXX;XXXX;XXXX;XXX;XXXX;XXXX;XXXX
158;XXXX;XXXX;XXXX;XXXX;XXX;XXXX;XXXX;XXXX
159;XXXX;XXXX;XXXX;XXXX;XXX;XXXX;XXXX;XXXX
160;XXXX;XXXX;XXXX;XXXX;XXX;XXXX;XXXX;XXXX
161;XXXX;XXXX;XXXX;XXXX;XXX;XXXX;XXXX;XXXX
162;XXXX;XXXX;XXXX;XXXX;XXX;XXXX;XXXX;XXXX
163;XXXX;XXXX;XXXX;XXXX;XXX;XXXX;XXXX;XXXX
164;XXXX;XXXX;XXXX;XXXX;XXX;XXXX;XXXX;XXXX
165;XXXX;XXXX;XXXX;XXXX;XXX;XXXX;XXXX;XXXX
166;XXXX;XXXX;XXXX;XXXX;XXX;XXXX;XXXX;XXXX
167;XXXX;XXXX;XXXX;XXXX;XXX;XXXX;XXXX;XXXX
168;XXXX;XXXX;XXXX;XXXX;XXX;XXXX;XXXX;XXXX
169;XXXX;XXXX;XXXX;XXXX;XXX;XXXX;XXXX;XXXX
170;XXXX;XXXX;XXXX;XXXX;XXX;XXXX;XXXX;XXXX
171;XXXX;XXXX;XXXX;XXXX;XXX;XXXX;XXXX;XXXX
172;XXXX;XXXX;XXXX;XXXX;XXX;XXXX;XXXX;XXXX
173;XXXX;XXXX;XXXX;XXXX;XXX;XXXX;XXXX;XXXX
174;XXXX;XXXX;XXXX;XXXX;XXX;XXXX;XXXX;XXXX
175;XXXX;XXXX;XXXX;XXXX;XXX;XXXX;XXXX;XXXX
176;XXXX;XXXX;XXXX;XXXX;XXX;XXXX;XXXX;XXXX
177;XXXX;XXXX;XXXX;XXXX;XXX;XXXX;XXXX;XXXX
178;XXXX;XXXX;XXXX;XXXX;XXX;XXXX;XXXX;XXXX
179;XXXX;XXXX;XXXX;XXXX;XXX;XXXX;XXXX;XXXX
180;XXXX;XXXX;XXXX;XXXX;XXX;XXXX;XXXX;XXXX
181;XXXX;XXXX;XXXX;XXXX;XXX;XXXX;XXXX;XXXX
182;XXXX;XXXX;XXXX;XXXX;XXX;XXXX;XXXX;XXXX
183;XXXX;XXXX;XXXX;XXXX;XXX;XXXX;XXXX;XXXX
184;XXXX;XXXX;XXXX;XXXX;XXX;XXXX;XXXX;XXXX
185;XXXX;XXXX;XXXX;XXXX;XXX;XXXX;XXXX;XXXX
186;XXXX;XXXX;XXXX;XXXX;XXX;XXXX;XXXX;XXXX
187;XXXX;XXXX;XXXX;XXXX;XXX;XXXX;XXXX;XXXX
188;XXXX;XXXX;XXXX;XXXX;XXX;XXXX;XXXX;XXXX
189;XXXX;XXXX;XXXX;XXXX;XXX;XXXX;XXXX;XXXX
190;XXXX;XXXX;XXXX;XXXX;XXX;XXXX;XXXX;XXXX
191;XXXX;XXXX;XXXX;XXXX;XXX;XXXX;XXXX;XXXX
192;XXXX;XXXX;XXXX;XXXX;XXX;XXXX;XXXX;XXXX
193;XXXX;XXXX;XXXX;XXXX;XXX;XXXX;XXXX;XXXX
194;XXXX;XXXX;XXXX;XXXX;XXX;XXXX;XXXX;XXXX
195;XXXX;XXXX;XXXX;XXXX;XXX;XXXX;XXXX;XXXX
196;XXXX;XXXX;XXXX;XXXX;XXX;XXXX;XXXX;XXXX
197;XXXX;XXXX;XXXX;XXXX;XXX;XXXX;XXXX;XXXX
198;XXXX;XXXX;XXXX;XXXX;XXX;XXXX;XXXX;XXXX
199;XXXX;XXXX;XXXX;XXXX;XXX;XXXX;XXXX;XXXX
